,user_id,text,likes,comments,reposts
0,ali-wodan,–ö—Å—Ç–∞—Ç–∏ –≥–æ–≤–æ—Ä—è. –¢–µ–ø–µ—Ä—å –ø–æ–¥–∫–∞—Å—Ç –ú–∏—Ä–∞–∂–∏ –¥–æ—Å—Ç—É–ø–µ–Ω –≤ —Å–æ—Ü—Å–µ—Ç–∏ –í–∫–æ–Ω—Ç–∞–∫—Ç–µ: https://lnkd.in/gKkrJX9–Ø –Ω–∞–∫–æ–Ω–µ—Ü —Ä–∞–∑–æ–±—Ä–∞–ª—Å—è –∫–∞–∫ —Ç—É–¥–∞ –ø—Ä–∏–∫—Ä—É—Ç–∏—Ç—å RSS :-) #podcast #–º–∏—Ä–∞–∂–∏,1,0,0
1,ali-wodan,I‚Äôm #hiring. Know anyone who might be interested?,1,0,0
2,ali-wodan,"–•—ç–π —á–µ—Å—Ç–Ω–æ–π –Ω–∞—Ä–æ–¥! –ò—â—É –≤–µ–∫—Ç–æ—Ä–Ω–æ–≥–æ –∏–ª–ª—é—Å—Ç—Ä–∞—Ç–æ—Ä–∞ –Ω–∞ –ø—Ä–æ–µ–∫—Ç, —Å –≤–æ–∑–º–æ–∂–Ω—ã–º –¥–ª–∏—Ç–µ–ª—å–Ω—ã–º —Å–æ—Ç—Ä—É–¥–Ω–∏—á–µ—Å—Ç–≤–æ–º –ø–æ –∏—Ç–æ–≥—É. –ú–æ–∂–Ω–æ —É–¥–∞–ª–µ–Ω–Ω–æ. –£—Ä–æ–≤–µ–Ω—å –∏–ª–ª—é—Å—Ç—Ä–∞—Ü–∏–π –Ω–µ —Ö—É–∂–µ —á–µ–º –≤ –ø—Ä–∏–º–µ—Ä–µ https://lnkd.in/gkrvhxY–†–µ–ø–æ—Å—Ç, –ø–æ–∂–∞–ª—É–π—Å—Ç–∞)–ï—Å–ª–∏ —Ç—ã —É–º–µ–µ—à—å —Ç–∞–∫ —Ä–∏—Å–æ–≤–∞—Ç—å, –Ω–∞–ø–∏—à–∏ –º–Ω–µ –≤ –ª–∏—á–∫—É :-)Hey! I am looking for an Illustrator who can help us with a project! You need to have skills like in the example below or upper. Text me to discuss prices and due :-)#–≤–∞–∫–∞–Ω—Å–∏—è #vacancy #illustration #–∏–ª–ª—é—Å—Ç—Ä–∞—Ü–∏—è #project #–ø—Ä–æ–µ–∫—Ç",6,0,0
3,ali-wodan,"–ù–æ–≤—ã–π –ø–æ—Å—Ç –ø–æ–¥–∫–∞—Å—Ç–∞ ""–ú–∏—Ä–∞–∂–∏"" –Ω–∞ –≤—Å–µ—Ö –ø–ª–∞—Ç—Ñ–æ—Ä–º–∞—Ö:–í –∞—É–¥–∏–æ: https://lnkd.in/giWuSVN–í –∏–Ω—Å—Ç–∞–≥—Ä–∞–º–µ: https://lnkd.in/gbV6yxK–ù #automotive # # #cars #–∞ –ø–∞—Ç—Ä–µ–æ–Ω–µ: https://lnkd.in/gfShqTU#—Å–∞–º–æ—Ä–∞–∑–≤–∏—Ç–∏–µ #–ø—Å–∏—Ö–æ–ª–æ–≥–∏—è #–ø—Å–∏—Ö–æ–ª–æ–≥–∏—è—á–µ–ª–æ–≤–µ–∫–∞ #–ø—Å–∏—Ö–æ–ª–æ–≥–∏—è–∂–∏–∑–Ω–∏ #–ø—Å–∏—Ö–æ–ª–æ–≥–∏—è–ª–∏—á–Ω–æ—Å—Ç–∏ #–ª–∏—á–Ω–æ—Å—Ç–Ω—ã–π—Ä–æ—Å—Ç #–ø–æ–¥–∫–∞—Å—Ç #–ø–æ–¥–∫–∞—Å—Ç–º–∏—Ä–∞–∂–∏ #–º–∞—Ä–∫–µ—Ç–∏–Ω–≥ #–æ—Å–æ–∑–Ω–∞–Ω–Ω–æ—Å—Ç—å #–º—ã—Å–ª–∏ #–º—ã—Å–ª–∏–≤—Å–ª—É—Ö #—É—Å—Ç–∞–Ω–æ–≤–∫–∏ #–≤–ª–∏—è–Ω–∏–µ #–ø–æ–¥—Å–æ–∑–Ω–∞–Ω–∏–µ–ò—Å–ø–æ–ª—å–∑–æ–≤–∞–Ω–Ω—ã–µ –∑–≤—É–∫–∏, –º—É–∑—ã–∫–∞ –∏ –∫–∞—Ä—Ç–∏–Ω–∫–∏:–ê—É–¥–∏–æ—Ü–∏—Ç–∞—Ç–∞ –∏–∑ —Ñ–∏–ª—å–º–∞ ""–§–æ—Ä–º—É–ª–∞ –ª—é–±–≤–∏"" –ú–∞—Ä–∫–∞ –ó–∞—Ö–∞—Ä–æ–≤–∞Jardins du Luxembourg by Jahzzar is licensed under a Attribution-ShareAlike 3.0 International License.prisoner by Luis Prado from the Noun Project",1,0,0
4,ali-wodan,"–ü–æ–¥–∫–∞—Å—Ç –ú–∏—Ä–∞–∂–∏, –≠–ø–∏–∑–æ–¥ 13–û—à–∏–±–∫–∞ –Ω–µ–≤–æ–∑–≤—Ä–∞—Ç–Ω—ã—Ö –∑–∞—Ç—Ä–∞—Çpodcast.ru/1539345144#–ø–æ–¥–∫–∞—Å—Ç #podcast #it #podcasts #psychology #–ø—Å–∏—Ö–æ–ª–æ–≥–∏—è #miragespodcast",2,0,0
5,ali-wodan,–ù–æ–≤—ã–π —ç–ø–∏–∑–æ–¥ –æ–± —ç—Ñ—Ñ–µ–∫—Ç–µ –ò–ö–ï–ê –Ω–∞ –≤—Å–µ—Ö –ø–ª–∞—Ç—Ñ–æ—Ä–º–∞—Ö podcast.ru/1539345144,1,0,0
6,ali-wodan,"–†–µ–¥–∫–∏–π —Å–ª—É—á–∞–π, –∫–æ–≥–¥–∞ —Å—á–∏—Ç–∞—é –ø—Ä–∞–≤–∏–ª—å–Ω—ã–º —Ä–∞—Å–ø—Ä–æ—Å—Ç—Ä–∞–Ω—è—Ç—å –ø—Ä–∏–∑—ã–≤ –ø—Ä–æ—è–≤–∏—Ç—å –∞–∫—Ç–∏–≤–Ω—É—é –ø–æ–∑–∏—Ü–∏—é –∏ –≤–º–µ—à–∞—Ç—å—Å—è –≤ –ø–æ–ª–∏—Ç–∏—á–µ—Å–∫—É—é –∂–∏–∑–Ω—å –≥–æ—Å—É–¥–∞—Ä—Å—Ç–≤–∞. –ß—Ç–æ-—Ç–æ –º–Ω–µ –ø–æ–¥—Å–∫–∞–∑—ã–≤–∞–µ—Ç, —á—Ç–æ –µ—Å–ª–∏ –∏ —ç—Ç–∏ –ø–æ–ø—Ä–∞–≤–∫–∏ –ø—Ä–æ–π–¥—É—Ç, —Ç–æ —Ç–≤–æ—Ä—á–µ—Å—Ç–≤–æ –∏ –ø—Ä–æ—Å–≤–µ—Ç–∏—Ç–µ–ª—å—Å—Ç–≤–æ –æ–∫–∞–∂—É—Ç—Å—è –ø–æ–¥ —É–≥—Ä–æ–∑–æ–π –≤–æ –≤—Å–µ–º –°–ù–ì. –û —á–µ–º –∫–æ–Ω–∫—Ä–µ—Ç–Ω–æ –∏–¥–µ—Ç —Ä–µ—á—å –ø–æ–¥—Ä–æ–±–Ω–æ –æ–ø–∏—Å–∞–ª –°–µ—Ä–≥–µ–π –ü–æ–ø–æ–≤ –≤ —Å–≤–æ–µ–º –≤–∏–¥–µ–æ",0,0,0
7,ali-wodan,"podcast.ru/1539345144–í –Ω–æ–≤–æ–º —ç–ø–∏–∑–æ–¥–µ –ø–æ–¥–∫–∞—Å—Ç–∞ –≤—ã —É–∑–Ω–∞–µ—Ç–µ —á—Ç–æ —Ç–∞–∫–æ–µ —Ç–µ–æ—Ä–∏—è —Ä–∞—Ü–∏–æ–Ω–∞–ª—å–Ω–æ–≥–æ –≤—ã–±–æ—Ä–∞ –∏ –¥–ª—è —á–µ–≥–æ –µ–µ –∏—Å–ø–æ–ª—å–∑—É—é—Ç, —á—Ç–æ –º–µ—à–∞–µ—Ç –Ω–∞–º –±—ã—Ç—å —Ä–∞—Ü–∏–æ–Ω–∞–ª—å–Ω—ã–º–∏ –∏ –ø–æ—á–µ–º—É —ç—Ç–æ —Ö–æ—Ä–æ—à–æ. üß†#—Å–∞–º–æ—Ä–∞–∑–≤–∏—Ç–∏–µ #–ø—Å–∏—Ö–æ–ª–æ–≥–∏—è #–ø—Å–∏—Ö–æ–ª–æ–≥–∏—è—á–µ–ª–æ–≤–µ–∫–∞ #–ø—Å–∏—Ö–æ–ª–æ–≥–∏—è–∂–∏–∑–Ω–∏ #–ø—Å–∏—Ö–æ–ª–æ–≥–∏—è–ª–∏—á–Ω–æ—Å—Ç–∏ #–ª–∏—á–Ω–æ—Å—Ç–Ω—ã–π—Ä–æ—Å—Ç#–ø–æ–¥–∫–∞—Å—Ç #–ø–æ–¥–∫–∞—Å—Ç–º–∏—Ä–∞–∂–∏ #–º–∞—Ä–∫–µ—Ç–∏–Ω–≥ #–æ—Å–æ–∑–Ω–∞–Ω–Ω–æ—Å—Ç—å #–º—ã—Å–ª–∏ #–º—ã—Å–ª–∏–≤—Å–ª—É—Ö #—É—Å—Ç–∞–Ω–æ–≤–∫–∏ #–≤–ª–∏—è–Ω–∏–µ #–ø–æ–¥—Å–æ–∑–Ω–∞–Ω–∏–µ",0,0,0
8,ali-wodan,#–≤–∞–∫–∞–Ω—Å–∏—è #–º–æ—Å–∫–≤–∞ #—Ñ—É–ª—Ç–∞–π–º #–¥–∏–∑–∞–π–Ω–µ—Ä #hiring #job #headhunt #productdesign #designers #vacancy,1,0,0
9,ali-wodan,https://lnkd.in/g7-FtA6–ù–æ–≤—ã–π —ç–ø–∏–∑–æ–¥ –Ω–∞ –≤—Å–µ—Ö –ø–ª–∞—Ç—Ñ–æ—Ä–º–∞—Ö,0,0,0
10,ali-wodan,"#–º–æ—Å–∫–≤–∞ #–æ—Ñ–∏—Å #—Ñ—É–ª—Ç–∞–π–º #–≤–∞–∫–∞–Ω—Å–∏—è #moscow #fulltime #inhouse #vacancy #job2020 #job #recruiting #careers –°–Ω–æ–≤–∞ –∏—â—É –∫–ª–∞—Å—Å–Ω—ã—Ö –∫–æ–ª–ª–µ–≥ –∫ –Ω–∞–º –≤ –∫–æ–º–∞–Ω–¥—É AdGuard (adguard.com)–ù—É–∂–Ω—ã:1) –£–≤–µ—Ä–µ–Ω–Ω—ã–π –º–∏–¥–ª –ø—Ä–æ–¥–∞–∫—Ç –¥–∏–∑–∞–π–Ω–µ—Ä –Ω–∞ –æ—Å–Ω–æ–≤–Ω—É—é –ª–∏–Ω–µ–π–∫—É –ø—Ä–æ–¥—É–∫—Ç–æ–≤ (–º–Ω–æ–≥–æ —Ä–∞–±–æ—Ç—ã) –∏ –º–∞—Ä–∫–µ—Ç–∏–Ω–≥(–º–∞–ª–æ —Ä–∞–±–æ—Ç—ã) —Å —Ö–æ—Ä–æ—à–∏–º —Å–∫–∏–ª–æ–º –≤ —é–∞–π #ui #ux #productdesign #productdesigner https://lnkd.in/gQGY36Q2) –Æ–∏–∫—Å —Ä–∞–π—Ç–µ—Ä, –∫–æ—Ç–æ—Ä—ã–π –ø—Ä–∏–≤–µ–¥–µ—Ç –≤ –ø–æ—Ä—è–¥–æ–∫ –≤—Å–µ –Ω–∞—à–∏ –∏–Ω—Ç–µ—Ä—Ñ–µ–π—Å–Ω—ã–µ —Ç–µ–∫—Å—Ç—ã. –¢—É—Ç –Ω—É–∂–µ–Ω –∞–Ω–≥–ª–∏–π—Å–∫–∏–π —Å2, –ø—Ä–µ–∫—Ä–∞—Å–Ω—ã–π —Ä—É—Å—Å–∫–∏–π, –æ–ø—ã—Ç —Ä–∞–±–æ—Ç—ã —Å UI –∏ —Å–ø–æ—Å–æ–±–Ω–æ—Å—Ç—å –≥–ª—É–±–æ–∫–æ —Ä–∞–∑–±–∏—Ä–∞—Ç—å—Å—è –≤ —Ç–µ—Ö–Ω–∏—á–µ—Å–∫–∏—Ö –¥–µ—Ç–∞–ª—è—Ö —á—Ç–æ–±—ã –ø–µ—Ä–µ–≤–æ–¥–∏—Ç—å —Å –∞–π—Ç–∏—à–Ω–æ–≥–æ –Ω–∞ —á–µ–ª–æ–≤–µ—á–µ—Å–∫–∏–πhttps://lnkd.in/g2aPaRz–ü–æ —É—Å–ª–æ–≤–∏—è–º –≤—Å–µ –∫–ª–∞—Å—Å–Ω–æ–ü–æ–¥—Ä–æ–±–Ω–æ—Å—Ç–∏, –≤–∏–ª–∫–∏ –∑–ø, –ø–æ–¥—Ä–æ–±–Ω—ã–µ —É—Å–ª–æ–≤–∏—è –≤ —Ç–µ–ª–µ–≥—Ä–∞–º–µ —É –Ω–∞—à–µ–π @ksenia_hr –∏–ª–∏ –ø–æ –ø–æ—á—Ç–µ hr@performix.ru",0,0,0
11,ali-wodan,"–û–ø-–æ–ø, –Ω–æ–≤—ã–π –¥–≤–∏–∂ :) –ø–æ–∫–∞ –Ω–µ—Ç –Ω–∏–≥–¥–µ, —Å–∫–æ—Ä–æ –±—É–¥–µ—Ç –≤–µ–∑–¥–µ. –°—Å—ã–ª–∫–∞ –Ω–∞ —á—É–¥–æ —á—É–¥–Ω–æ–µ https://anchor.fm/mirages, –µ—Å–ª–∏ –ø–æ—Å–ª—É—à–∞–µ—Ç–µ –∏ –Ω–∞—Å—ã–ø–µ—Ç–µ —Ñ–∏–¥–±—ç–∫–∞, –±—É–¥—É –∫–∞–∫–∞—Ç—å —Ä–∞–¥—É–≥–æ–π (–Ω–µ—Ç)#podcast #psychology #mirages #–ø–æ–¥–∫–∞—Å—Ç #–ø—Å–∏—Ö–æ–ª–æ–≥–∏—è #–º–∏—Ä–∞–∂–∏",2,0,0
12,ali-wodan,"–í –Ω–æ–≤–æ–º —ç–ø–∏–∑–æ–¥–µ –ø–æ–¥–∫–∞—Å—Ç–∞ –≥–æ–≤–æ—Ä–∏–º –ø—Ä–æ –ø–∞—Ä–∞–ø–ª–∞–Ω–µ—Ä–∏–∑–º –∏ —Ç–æ, –∫–∞–∫ –æ–Ω —Å–æ–≤–º–µ—â–∞–µ—Ç—Å—è —Å —Ä–∞–±–æ—Ç–æ–π –≤ –∞–π—Ç–∏ #podcast #it #paraplanning :",0,0,0
13,ali-wodan,Yeah! #gopractice #productmanagement #datadriven,11,0,0
14,ali-wodan,"–ó–∞–∫–∞–∑—á–∏–∫: –ò —Å–∫–æ–ª—å–∫–æ –Ω—É–∂–Ω–æ –≤—Ä–µ–º–µ–Ω–∏ –Ω–∞ –¥–∏–∑–∞–π–Ω –ø—Ä–æ–µ–∫—Ç–∞?–î–∏–∑–∞–π–Ω–µ—Ä: –û–∫–æ–ª–æ 2 –Ω–µ–¥–µ–ª—å.–ó–∞–∫–∞–∑—á–∏–∫: –£ –≤–∞—Å 3 –¥–Ω—è.–î–∏–∑–∞–π–Ω–µ—Ä: –•–æ—Ä–æ—à–æ, –¥–∞–≤–∞–π—Ç–µ –ø–æ–ø—Ä–æ–±—É—é –æ–±—ä—è—Å–Ω–∏—Ç—å –ø–æ–Ω—è—Ç–Ω–µ–µ:#designer #design #ux #ui #customer #client #deadline #maket #presentation #it #humor #ithumor",7,0,0
15,ali-wodan,"–ì—Ä–∞–∂–¥–∞–Ω–µ, —Å–µ–Ω—å–æ—Ä–∞-–¥–∏–∑–∞–π–Ω–µ—Ä–∞ –º—ã —Ç–æ–∂–µ –Ω–∞—à–ª–∏, –±–æ–ª—å—à–æ–µ —Å–ø–∞—Å–∏–±–æ –≤—Å–µ–º –∫—Ç–æ –æ—Ç–∫–ª–∏–∫–Ω—É–ª—Å—è. –í—Å–µ–º –¥–æ–±—Ä–∞ –∏ –∫—Ä—É—Ç—ã—Ö –∫–æ–ª–ª–µ–≥ :)  #product #vacancy #success",2,0,0
16,ali-wodan,https://lnkd.in/gyTZPbE #articles #psychology,1,0,0
17,ali-wodan,"#vacancy #–æ—Ñ–∏—Å #–º–æ—Å–∫–≤–∞ #—Ñ—É–ª—Ç–∞–π–º #product–í—Å–µ–º –ø—Ä–∏–≤–µ—Ç! –ú–∏–¥–ª–∞ —Å–µ–±–µ –≤ –∫–æ–º–∞–Ω–¥—É —è –Ω–∞—à–µ–ª, —Å–ø–∞—Å–∏–±–æ –æ—Ç–∫–ª–∏–∫–Ω—É–≤—à–∏–º—Å—è :) –¢–µ–ø–µ—Ä—å —É –º–µ–Ω—è –Ω–æ–≤–∞—è –≤–∞–∫–∞–Ω—Å–∏—è (—Ç–∞–∫–∏–º–∏ —Ç–µ–º–ø–∞–º–∏ –º–æ–∂–Ω–æ –∏ —ç–π—á–∞—Ä–æ–º —Å—Ç–∞—Ç—å –∫–µ–∫) Senior Product Digital Designer!–ï—Å–ª–∏ –≤–∫—Ä–∞—Ç—Ü–µ, —Ç–æ –Ω–∞–º –Ω—É–∂–µ–Ω –∫—Ä—É—Ç–æ–π –¥–∏–∑ –∫–æ—Ç–æ—Ä—ã–π –∑–∞–π–º–µ—Ç—Å—è –µ—â–µ –æ–¥–Ω–∏–º –ø—Ä–æ–µ–∫—Ç–æ–º –Ω–∞—à–µ–π –∫–æ–º–ø–∞–Ω–∏–∏. –ù—É–∂–µ–Ω –∫—Ç–æ-—Ç–æ —Å–∞–º–æ—Å—Ç–æ—è—Ç–µ–ª—å–Ω—ã–π, –∫—Ç–æ —Å–º–æ–∂–µ—Ç —Å–æ –≤—Ä–µ–º–µ–Ω–µ–º —Å–æ–±—Ä–∞—Ç—å —Å–≤–æ—é –∫–æ–º–∞–Ω–¥—É –∏ –≤—ã—Å—Ç—Ä–∞–∏–≤–∞—Ç—å –ø—Ä–æ—Ü–µ—Å—Å—ã. –°–∞–º —è –Ω–∞ —ç—Ç–æ—Ç –ø—Ä–æ–µ–∫—Ç —Ç—Ä–∞—Ç–∏—Ç—å –≤—Ä–µ–º—è –Ω–µ —Å–º–æ–≥—É –∏ –±—É–¥—É —Ä–∞–∑–≤–µ —á—Ç–æ –∫—É—Ä–∏—Ä–æ–≤–∞—Ç—å –Ω–µ–º–Ω–æ–∂–∫. –û—Ç–∫–ª–∏–∫–Ω–∏—Å—å, –≥–µ—Ä–æ–π! –ò–Ω—Ç–µ—Ä–µ—Å–Ω—ã–π –ø—Ä–æ–¥—É–∫—Ç, –∫—Ä—É—Ç—ã–µ –∫–æ–ª–ª–µ–≥–∏ –∏ —Ö–æ—Ä–æ—à–∞—è –æ–ø–ª–∞—Ç–∞ —á–µ–∫–∞–Ω–Ω–æ–π –º–æ–Ω–µ—Ç–æ–π –∂–¥–µ—Ç —Ç–µ–±—è) –ü–æ–¥—Ä–æ–±–Ω–æ—Å—Ç–∏ —Ç—É—Ç: https://lnkd.in/gVhAaxH–û—Ç–∫–ª–∏–∫–∞—Ç—å—Å—è –ª—É—á—à–µ —Å—é–¥–∞: hr@performix.ru",4,0,0
18,ali-wodan,"#–º–æ—Å–∫–≤–∞ #–æ—Ñ–∏—Å #—Ñ—É–ª—Ç–∞–π–º–ò—â—É –∫–ª–∞—Å—Å–Ω—ã—Ö –∫–æ–ª–ª–µ–≥ –∫ –Ω–∞–º –≤ –∫–æ–º–∞–Ω–¥—É AdGuard (adguard.com) –ß—Ç–æ –¥–µ–ª–∞—Ç—å:–†–µ–¥–∏–∑–∞–π–Ω –∏ —Ä–∞–∑–≤–∏—Ç–∏–µ –æ—Ç–¥–µ–ª—å–Ω–æ–≥–æ –ø—Ä–æ–¥—É–∫—Ç–∞ (–ø—Ä–æ–º–æ-—Å–∞–π—Ç + –ø—Ä–æ–¥—É–∫—Ç, —Å–ª–æ–∂–Ω–æ–µ –≤–µ–±-–ø—Ä–∏–ª–æ–∂–µ–Ω–∏–µ) –∏ —Å–æ–ø—Ä–æ–≤–æ–∂–¥–µ–Ω–∏–µ–∏–ª–∏UX/UI –¥–ª—è –≤–µ–±-–ø—Ä–∏–ª–æ–∂–µ–Ω–∏–π –∏ –ü–û —Å –Ω—É–ª—è –∏ –Ω–∞ –æ—Å–Ω–æ–≤–µ –¥–∏–∑–∞–π–Ω-—Å–∏—Å—Ç–µ–º—ã–†–∞–∑—Ä–∞–±–æ—Ç–∫–∞ –∏ –ø–æ–¥–¥–µ—Ä–∂–∫–∞ –∫—Ä–æ—Å—Å–ø–ª–∞—Ç—Ñ–æ—Ä–º–µ–Ω–Ω–æ–π –¥–∏–∑–∞–π–Ω-—Å–∏—Å—Ç–µ–º—ã–ú–∞—Ä–∫–µ—Ç–∏–Ω–≥–æ–≤—ã–µ –∑–∞–¥–∞—á–∏, –ª—ç–Ω–¥–∏–Ω–≥–∏, –ø–∏—Å—å–º–∞, –æ–ø—Ç–∏–º–∏–∑–∞—Ü–∏—è –∫–æ–Ω–≤–µ—Ä—Å–∏–∏ —Å–∞–π—Ç–æ–≤–ö–æ–Ω—Ç—Ä–æ–ª—å –∫–∞—á–µ—Å—Ç–≤–∞ –ß—Ç–æ –º—ã –æ–∂–∏–¥–∞–µ–º:–û–ø—ã—Ç —Ä–∞–∑—Ä–∞–±–æ—Ç–∫–∏ –∏–Ω—Ç–µ—Ä—Ñ–µ–π—Å–æ–≤ –≤ —Å—Ç—É–¥–∏–∏ –∏–ª–∏ –ø—Ä–æ–¥—É–∫—Ç–æ–≤—ã—Ö –∫–æ–º–ø–∞–Ω–∏—è—Ö –æ—Ç 2 –ª–µ—Ç–ú–∏–Ω–∏–º—É–º 2 –∂–∏–≤—ã—Ö –ø—Ä–æ–µ–∫—Ç–∞ —Å –≤–∞—à–∏–º –¥–∏–∑–∞–π–Ω–æ–º –≤ —Å–µ—Ç–∏, –º–∏–Ω–∏–º—É–º 1 –∏–∑ –Ω–∏—Ö —Å–ª–æ–∂–Ω—ã–π–£–º–µ–Ω–∏–µ –∏ –∂–µ–ª–∞–Ω–∏–µ –≤–Ω–∏–∫–∞—Ç—å –∏ —Ä–∞–∑–±–∏—Ä–∞—Ç—å—Å—è, —É–º–µ–Ω–∏–µ –¥—É–º–∞—Ç—åSketch –∫–∞–∫ –æ—Å–Ω–æ–≤–Ω–æ–π –∏–Ω—Å—Ç—Ä—É–º–µ–Ω—Ç (–≤–æ–∑–º–æ–∂–Ω–æ —Å–æ –≤—Ä–µ–º–µ–Ω–µ–º –ø–µ—Ä–µ–π–¥–µ–º –Ω–∞ —Ñ–∏–≥–º—É –Ω–æ —ç—Ç–æ –Ω–µ —Ç–æ—á–Ω–æ) + —É–º–µ–Ω–∏–µ —Ä–∞–±–æ—Ç–∞—Ç—å –Ω–∞ –≤—Å–µ–º —á—Ç–æ –ø–æ–Ω–∞–¥–æ–±–∏—Ç—Å—è –ß—Ç–æ –ø—Ä–µ–¥–ª–∞–≥–∞–µ–º:–ë–µ–ª–∞—è –∑–∞—Ä–∞–±–æ—Ç–Ω–∞—è –ø–ª–∞—Ç–∞–ö–æ–º—Ñ–æ—Ä—Ç–Ω—ã–π –æ—Ñ–∏—Å –≤ –≥. –ú–æ—Å–∫–≤–µ –≤ 5 –º–∏–Ω—É—Ç–∞—Ö —Ö–æ–¥—å–±—ã –æ—Ç –º. –¢—É–ª—å—Å–∫–∞—è–°–ø–æ—Ä—Ç–∑–∞–ª, –Ω–∞—Å—Ç–æ–ª—å–Ω—ã–π —Ç–µ–Ω–Ω–∏—Å, –∑–∞–Ω—è—Ç–∏—è —Å —Ç—Ä–µ–Ω–µ—Ä–æ–º, –≥—Ä—É–ø–ø—ã –ø–æ –∞–Ω–≥–ª–∏–π—Å–∫–æ–º—É –∏ –∫–∏—Ç–∞–π—Å–∫–æ–º—É —è–∑—ã–∫–∞–º –≤ –æ—Ñ–∏—Å–µ–°–æ–≤—Ä–µ–º–µ–Ω–Ω—ã–µ –∏ —É–¥–æ–±–Ω—ã–µ —Ä–∞–±–æ—á–∏–µ –º–µ—Å—Ç–∞ ‚Äî –º–æ—â–Ω—ã–µ –º–∞–∫–∏, —Ö–æ—Ä–æ—à–∏–µ –º–æ–Ω–∏—Ç–æ—Ä—ã–î–ú–° –ø–æ—Å–ª–µ –∏—Å–ø—ã—Ç–∞—Ç–µ–ª—å–Ω–æ–≥–æ —Å—Ä–æ–∫–∞ –î–ª—è –≤–æ–ø—Ä–æ—Å–æ–≤ –∏ –æ—Ç–∫–ª–∏–∫–æ–≤ –ø–∏—à–∏—Ç–µ –Ω–∞ –ø–æ—á—Ç—É hr@performix.ru –∏–ª–∏ –≤ —Ç–µ–ª–µ–≥—Ä–∞–º @ksenia_hr",8,0,0
19,ikotow,"Hello Everyone! I'm ecstatic to announce my new role as CEO of Metakratos Studio, a seasoned IT firm known for delivering advanced software solutions across various industries such as finance, IT, blockchain, industrial automatization, security, edtech, and advertising.With years of experience in empowering businesses of all sizes to achieve rapid growth and effortless scaling, Metakratos Studio has built a reputation for excellence and innovation. I'm honored to be leading this incredible team and eager to continue the company's legacy of pushing the boundaries of technology.As we embark on this journey together, I look forward to tackling new challenges, seizing opportunities, and fostering a culture of collaboration and creativity within our team. I'm committed to ensuring that Metakratos Studio remains at the forefront of innovation and continues to make a lasting impact on the industries we serve.I invite you to follow the Metakratos Studio community on LinkedIn: https://lnkd.in/eRDteZU4 to stay updated on our latest news, insights, and accomplishments.Thank you for your support as I step into this new role. Let's connect and collaborate to drive innovation, growth, and success for businesses worldwide! #newbeginnings #ceo #MetakratosStudio #technology #innovation #softwaredevelopment #businessgrowth #software #success #community",21,1,1
20,ikotow,"–ü—Ä–æ –ø—Ä–æ—Ñ–µ—Å—Å–∏—é –º–µ–Ω–µ–¥–∂–µ—Ä–∞ –ø—Ä–æ–µ–∫—Ç–æ–≤ —è –º–æ–≥—É —Ä–∞—Å—Å–∫–∞–∑—ã–≤–∞—Ç—å —á–∞—Å–∞–º–∏. –ü–æ—Ä–∞–±–æ—Ç–∞–≤ –Ω–∞ —ç—Ç–æ–π –ø–æ–∑–∏—Ü–∏–∏ –≤ —Ä–∞–∑–Ω—ã—Ö –∫–æ–º–ø–∞–Ω–∏—è—Ö –∏ –≤–∑–∞–∏–º–æ–¥–µ–π—Å—Ç–≤—É—è —Å —ç—Ç–∏–º–∏ –ª—é–¥—å–º–∏ —Å —Ç–æ—á–∫–∏ –∑—Ä–µ–Ω–∏—è –ø–æ–¥—á–∏–Ω—ë–Ω–Ω–æ–≥–æ, —Ä—É–∫–æ–≤–æ–¥–∏—Ç–µ–ª—è, –∑–∞–∫–∞–∑—á–∏–∫–∞ –∏ –∏—Å–ø–æ–ª–Ω–∏—Ç–µ–ª—è, –º–Ω–µ —Ö–æ—á–µ—Ç—Å—è –ø–æ–¥–µ–ª–∏—Ç—å—Å—è –º—ã—Å–ª—è–º–∏ –∏ –æ–±–º–µ–Ω—è—Ç—å—Å—è –≤–∏–¥–µ–Ω–∏–µ–º –ø—Ä–æ—Ñ–µ—Å—Å–∏–∏ –∏ –µ—ë –≤–æ—Å–ø—Ä–∏—è—Ç–∏—è –¥—Ä—É–≥–∏–º–∏ –ª—é–¥—å–º–∏.",1,1,0
21,ikotow,–í –ø—Ä–æ–¥–æ–ª–∂–µ–Ω–∏–µ –ø—Ä–µ–¥—ã–¥—É—â–µ–π —Å—Ç–∞—Ç—å–∏ (https://lnkd.in/eSXkRqy4) –ø—É–±–ª–∏–∫—É—é —Ä–∞–∑–º—ã—à–ª–µ–Ω–∏—è –ø—Ä–æ —Ü–∏—Ñ—Ä–æ–≤—É—é –∑—Ä–µ–ª–æ—Å—Ç—å –∫–æ–º–ø–∞–Ω–∏–π –∏ –≥–∏–±–∫—É—é —Ä–∞–∑—Ä–∞–±–æ—Ç–∫—É.,3,0,0
22,ikotow,"–ù–∞–ø–∏—Å–∞–ª –Ω–∞ –¥–Ω—è—Ö —Å—Ç–∞—Ç—å—é –æ —Ç–æ–º, –∫–∞–∫ –º—ã –≤ –¢–µ—Ö–Ω–æ–∫—Ä–∞—Ç–∏–∏ —Ä–∞–±–æ—Ç–∞–µ–º —Å –ø—Ä–æ—Ü–µ—Å—Å–æ–º –∏–∑–º–µ–Ω–µ–Ω–∏–π. –ó–∞–ª–µ—Ç–∞–π—Ç–µ –ø–æ—á–∏—Ç–∞—Ç—å!;)",3,0,0
23,ikotow,#–¥–µ–ª–µ–≥–∏—Ä–æ–≤–∞–Ω–∏–µ #—Ä—É–∫–æ–≤–æ–¥–∏—Ç–µ–ª—å,1,2,0
24,ikotow,"–ó–∞–ø—Ä–µ—Ç–Ω—ã–π –ø–ª–æ–¥ —Å–ª–∞–¥–æ–∫. –ù–µ —É–¥–∏–≤–ª—é—Å—å, –µ—Å–ª–∏ —É LinkedIn –ø–æ—Å–µ—â–∞–µ–º–æ—Å—Ç—å –≤—ã—Ä–æ—Å–ª–∞. –ó–∞—Ç–æ —Ç–µ–ø–µ—Ä—å —Å–æ—Ü.—Å–µ—Ç—å –µ—â—ë –±–æ–ª—å—à–µ –ø—Ä–æ IT. –ü–æ –∫—Ä–∞–π–Ω–µ–π –º–µ—Ä–µ –∞–π—Ç–∏—à–Ω–∏–∫–∏ —Ç–æ—á–Ω–æ –∑–Ω–∞—é—Ç, –∫–∞–∫ —Å—é–¥–∞ –ø–æ–ø–∞—Å—Ç—å.",2,0,0
25,groshev-andrew,"–ö–∞–∂–¥—ã–π –Ω–∞—à –∑–∞–∫–∞–∑—á–∏–∫ –∏–¥–µ—Ç –ø–æ —Å–≤–æ–µ–º—É –∏–Ω–¥–∏–≤–∏–¥—É–∞–ª—å–Ω–æ–º—É –ø—É—Ç–∏ —Ä–∞–∑–≤–∏—Ç–∏—è. –£ –∫–∞–∂–¥–æ–≥–æ —Å–≤–æ–∏ –∑–∞–ø—Ä–æ—Å—ã, –≤–æ–∑–º–æ–∂–Ω–æ—Å—Ç–∏, –ø–ª–∞–Ω—ã –∏ —Å—Ç—Ä–∞—Ç–µ–≥–∏–∏ —Ä–∞–±–æ—Ç—ã. –ò –∫–∞–∂–¥–æ–º—É –≤–∞–∂–Ω–æ –ø–æ–ª—É—á–∞—Ç—å –∏–Ω–¥–∏–≤–∏–¥—É–∞–ª—å–Ω–æ–µ —Ä–µ—à–µ–Ω–∏–µ –Ω–∞ IT-–∑–∞–ø—Ä–æ—Å—ã –ª—é–±–æ–π —Å–ª–æ–∂–Ω–æ—Å—Ç–∏‚Ä¶¬´–Æ–ø–∏—Ç–µ—Ä¬ª –Ω–∞—Ö–æ–¥–∏—Ç –æ—Ç–≤–µ—Ç—ã –Ω–∞ –ø–æ—Å—Ç–∞–≤–ª–µ–Ω–Ω—ã–µ –≤–æ–ø—Ä–æ—Å—ã —É–∂–µ –±–æ–ª–µ–µ 15 –ª–µ—Ç. –ú—ã —Ä–∞–∑—Ä–∞–±–∞—Ç—ã–≤–∞–µ–º –∏ –≤–Ω–µ–¥—Ä—è–µ–º —Å–∞–º—ã–µ —Å–æ–≤—Ä–µ–º–µ–Ω–Ω—ã–µ —Ä–µ—à–µ–Ω–∏—è –Ω–∞ –±–∞–∑–µ –ø–µ—Ä–µ–¥–æ–≤—ã—Ö —Ç–µ—Ö–Ω–æ–ª–æ–≥–∏–π –≤–µ–¥—É—â–∏—Ö IT –ø—Ä–æ–∏–∑–≤–æ–¥–∏—Ç–µ–ª–µ–π. ¬´–Æ–ø–∏—Ç–µ—Ä¬ª - –∏–Ω—Ç–µ–≥—Ä–∞—Ç–æ—Ä –Ω–æ–≤–æ–≥–æ –ø–æ–∫–æ–ª–µ–Ω–∏—è, —ç—Ç–æ –æ–∑–Ω–∞—á–∞–µ—Ç, —á—Ç–æ –º—ã –Ω–µ –∏—Å–ø–æ–ª—å–∑—É–µ–º —à–∞–±–ª–æ–Ω—ã –≤ —Å–≤–æ–µ–π —Ä–∞–±–æ—Ç–µ. –¢–æ–ª—å–∫–æ –∏–Ω–¥–∏–≤–∏–¥—É–∞–ª—å–Ω—ã–π –ø–æ–¥—Ö–æ–¥ –∫ –∫–∞–∂–¥–æ–º—É –ø—Ä–æ–µ–∫—Ç—É, —Ç–æ–ª—å–∫–æ —Å–∞–º—ã–µ –∞–∫—Ç—É–∞–ª—å–Ω—ã–µ —Ä–µ—à–µ–Ω–∏—è, –∫–æ—Ç–æ—Ä—ã–µ —Å–æ–æ—Ç–≤–µ—Ç—Å—Ç–≤—É—é—Ç —Ü–µ–ª—è–º –∏ –∑–∞–¥–∞—á–∞–º –≤–∞—à–µ–≥–æ –±–∏–∑–Ω–µ—Å–∞.–î—Ä—É–∑—å—è, ¬´–Æ–ø–∏—Ç–µ—Ä¬ª —Å –≤–∞–º–∏, —Ç–µ–ø–µ—Ä—å –∏ –≤ —Å–æ—Ü–∏–∞–ª—å–Ω—ã—Ö —Å–µ—Ç—è—Ö! –ü–æ–¥–ø–∏—Å—ã–≤–∞–π—Ç–µ—Å—å –Ω–∞ –Ω–∞—à –∞–∫–∫–∞—É–Ω—Ç. –ú—ã –≤—Å–µ–≥–¥–∞ –≥–æ—Ç–æ–≤—ã –ø–æ–º–æ—á—å –Ω–∞–π—Ç–∏ –æ—Ç–≤–µ—Ç –Ω–∞ –≤–∞—à IT-–≤–æ–ø—Ä–æ—Å.–ò –ø–æ–º–Ω–∏—Ç–µ, –±—É–¥—É—â–µ–µ –∑–∞ —Ç–µ—Ö–Ω–æ–ª–æ–≥–∏—è–º–∏, –∫–æ—Ç–æ—Ä—ã–µ –Ω–∞ –Ω–µ—Å–∫–æ–ª—å–∫–æ —à–∞–≥–æ–≤ –æ–ø–µ—Ä–µ–∂–∞—é—Ç –ø–æ—Ç—Ä–µ–±–Ω–æ—Å—Ç–∏ –±–∏–∑–Ω–µ—Å–∞ –≤–∞—à–µ–π –∫–æ–º–ø–∞–Ω–∏–∏.#IT¬†#IT_—Ç–µ—Ö–Ω–æ–ª–æ–≥–∏–∏¬†#IT_–Æ–ø–∏—Ç–µ—Ä #innovation #—Ç–µ—Ö–Ω–æ–ª–æ–≥–∏–∏",0,0,0
26,groshev-andrew,–¢–æ —á—Ç–æ —è –∏ –º–æ–∏ –∫–æ–ª–ª–µ–≥–∏ —Å–ª—ã—à–∏–º –∫–∞–∫ –º–∏–Ω–∏–º—É–º —Ä–∞–∑ –≤ –Ω–µ–¥–µ–ª—é,0,0,0
27,groshev-andrew,Elon Musk (@elonmusk) —Ç–≤–∏—Ç–Ω—É–ª(–∞): Sending this tweet through space via Starlink satellite üõ∞,0,0,0
28,groshev-andrew,"–£–≤–∞–∂–∞–µ–º—ã–µ –ö–æ–ª–ª–µ–≥–∏, –Ø –Ω–∞—á–∏–Ω–∞—é –Ω–æ–≤—ã–π –ø—Ä–æ–µ–∫—Ç –≤ —Å—Ç—Ä—É–∫—Ç—É—Ä–µ –≥—Ä—É–ø–ø—ã –∫–æ–º–ø–∞–Ω–∏–π –†–∞–∫—É—Ä—Å. –ö–æ–º–ø–∞–Ω–∏—è ""–†–ê–ö–£–†–°"", –æ—Å–Ω–æ–≤–∞–Ω–Ω–∞—è –≤ 1991 –≥–æ–¥—É, —è–≤–ª—è–µ—Ç—Å—è –æ–¥–Ω–æ–π –∏–∑ –≤–µ–¥—É—â–∏—Ö –∫–æ–º–ø–∞–Ω–∏–π —Ä–æ—Å—Å–∏–π—Å–∫–æ–≥–æ —Ä—ã–Ω–∫–∞ –ø—Ä–æ–º—ã—à–ª–µ–Ω–Ω–æ–π –∞–≤—Ç–æ–º–∞—Ç–∏–∑–∞—Ü–∏–∏. –ú–æ—è –∑–∞–¥–∞—á–∞ ‚Äì —Ä–µ–∞–ª–∏–∑–∞—Ü–∏—è  –ø–æ—Ç–µ–Ω—Ü–∏–∞–ª–∞ –ò–Ω—Ñ–æ—Ä–º–∞—Ü–∏–æ–Ω–Ω—ã—Ö –¢–µ—Ö–Ω–æ–ª–æ–≥–∏–π  –¥–ª—è –ø–æ–≤—ã—à–µ–Ω–∏—è  —ç—Ñ—Ñ–µ–∫—Ç–∏–≤–Ω–æ—Å—Ç–∏ —Ä–∞–±–æ—Ç—ã –ø—Ä–µ–¥–ø—Ä–∏—è—Ç–∏–π, –æ–±–µ—Å–ø–µ—á–µ–Ω–∏—è –∏–Ω—Ñ–æ—Ä–º–∞—Ü–∏–æ–Ω–Ω–æ–π –±–µ–∑–æ–ø–∞—Å–Ω–æ—Å—Ç–∏ –∏  –ø–æ—Å—Ç—Ä–æ–µ–Ω–∏—è –Ω–∞–¥–µ–∂–Ω–æ–π, –ø—Ä–æ–∏–∑–≤–æ–¥–∏—Ç–µ–ª—å–Ω–æ–π –∏ —Ä–µ—Å—É—Ä—Å–æ—Å–±–µ—Ä–µ–≥–∞—é—â–µ–π –ò–¢ –∏–Ω—Ñ—Ä–∞—Å—Ç—Ä—É–∫—Ç—É—Ä—ã –¥–ª—è —Ä–µ—à–µ–Ω–∏—è  –∑–∞–¥–∞—á —Ü–∏—Ñ—Ä–æ–≤–æ–π —Ç—Ä–∞–Ω—Å—Ñ–æ—Ä–º–∞—Ü–∏–∏.–Ø –±—É–¥—É —Ä–∞–¥, –≤–∑–∞–∏–º–æ–¥–µ–π—Å—Ç–≤–∏—é —Å–æ –≤—Å–µ–º–∏ —É –∫–æ–≥–æ –µ—Å—Ç—å –∏–¥–µ–∏ –∏ –ø—Ä–µ–¥–ª–æ–∂–µ–Ω–∏—è –¥–ª—è —Å–æ—Ç—Ä—É–¥–Ω–∏—á–µ—Å—Ç–≤–∞ –≤ –æ–±–ª–∞—Å—Ç–∏ —Ä–µ–∞–ª–∏–∑–∞—Ü–∏–∏ –ø–æ–¥–æ–±–Ω–æ–≥–æ —Ä–æ–¥–∞ –ø—Ä–æ–µ–∫—Ç–æ–≤.  –ì—Ä–∞–Ω–∏—Ü —Å–æ—Ç—Ä—É–¥–Ω–∏—á–µ—Å—Ç–≤—É –Ω–µ—Ç, –æ–Ω–æ –º–æ–∂–µ—Ç –æ—Ö–≤–∞—Ç—ã–≤–∞—Ç—å –æ–±–ª–∞—Å—Ç—å –Ω–æ–≤—ã—Ö —Ç–µ—Ö–Ω–æ–ª–æ–≥–∏–π, –º–∞—Ä–∫–µ—Ç–∏–Ω–≥–∞, –ø–∞—Ä—Ç–Ω–µ—Ä—Å—Ç–≤–∞, –ø—Ä–æ–¥–∞–∂, –∑–∞–∫—É–ø–æ–∫, —É–ø—Ä–∞–≤–ª–µ–Ω–∏—è –ø—Ä–æ–µ–∫—Ç–∞–º–∏ –∏ –≤–∫–ª—é—á–∞—Ç—å —Å–æ–≤–º–µ—Å—Ç–Ω—É—é —Ä–∞–±–æ—Ç—É –ø–æ –º–Ω–æ–≥–∏–º –¥—Ä—É–≥–∏–º –Ω–∞–ø—Ä–∞–≤–ª–µ–Ω–∏—è–º. –ó–≤–æ–Ω–∏—Ç–µ, –ø–∏—à–∏—Ç–µ –∏ –ø—Ä–∏—Ö–æ–¥–∏—Ç–µ –≤ –≥–æ—Å—Ç–∏.",2,0,0
29,groshev-andrew,–ö–æ–≥–¥–∞ —Ç—ã —Å—Ç–∞–Ω–µ—à—å –±–æ–ª—å—à–∏–º —Å—ã–Ω? –ö–æ–≥–¥–∞ —Ç—ã —Å—Ç–∞–Ω–µ—à—å –±–æ–ª—å—à–æ–π –¥–æ—á—å?–°—á–∞—Å—Ç–ª–∏–≤—ã–º —Ä–æ–¥–∏—Ç–µ–ª—è–º –ø–æ—Å–≤—è—â–∞–µ—Ç—Å—è...,0,0,0
30,groshev-andrew,Wow ! I loved this videohttps://zuzus.tech,0,0,0
31,groshev-andrew,"–ö–æ–ª–ª–µ–≥–∏, –Ω–∞ –¥–∞–Ω–Ω—ã–π –º–æ–º–µ–Ω—Ç –≤—Ä–µ–º–µ–Ω–∏ —É –º–µ–Ω—è –ø–æ–¥—Ö–æ–¥–∏—Ç –∫ –∫–æ–Ω—Ü—É –ø—Ä–æ–µ–∫—Ç –Ω–∞ –∫–æ—Ç–æ—Ä—ã–π —è –±—ã–ª –ø—Ä–∏–≤–ª–µ—á–µ–Ω, –∏ —è —Ä–∞—Å—Å–º–∞—Ç—Ä–∏–≤–∞—é –ø—Ä–µ–¥–ª–æ–∂–µ–Ω–∏—è –æ —Ä–∞–±–æ—Ç–µ.–ò–º–µ—é —Ä–µ–ª–µ–≤–∞–Ω—Ç–Ω—ã–π –æ–ø—ã—Ç —Ä–∞–±–æ—Ç—ã –≤ –ø—Ä–æ–¥–∞–∂–∞—Ö –∏ —Ä–∞–∑–≤–∏—Ç–∏–∏ –±–∏–∑–Ω–µ—Å–∞, –æ–ø—ã—Ç –æ–ø–µ—Ä–∞—Ü–∏–æ–Ω–Ω–æ–≥–æ —É–ø—Ä–∞–≤–ª–µ–Ω–∏—è –∫–æ–º–º–µ—Ä—á–µ—Å–∫–∏–º–∏ –ø–æ–¥—Ä–∞–∑–¥–µ–ª–µ–Ω–∏—è–º–∏, —Å–æ–∑–¥–∞–Ω–∏—è –æ—Ç–¥–µ–ª–æ–≤ –ø—Ä–æ–¥–∞–∂ —Å –Ω—É–ª—è. –ù–∞–¥–µ–∂–Ω—ã–π –∏ —ç–Ω–µ—Ä–≥–∏—á–Ω—ã–π –ø–∞—Ä—Ç–Ω–µ—Ä —Å–æ —Å—Ç—Ä—É–∫—Ç—É—Ä–∏—Ä–æ–≤–∞–Ω–Ω—ã–º –ø–æ–¥—Ö–æ–¥–æ–º, –≤—ã—Å–æ–∫–æ–π —ç–Ω–µ—Ä–≥–∏–µ–π –∏ —Å–∞–º–æ–æ—Ç–¥–∞—á–µ–π, —Å–ø–æ—Å–æ–±–Ω—ã–π –ø—Ä–∏–Ω–∏–º–∞—Ç—å –Ω–µ —Å—Ç–∞–Ω–¥–∞—Ä—Ç–Ω—ã–µ —Ä–µ—à–µ–Ω–∏—è. –û–±–ª–∞–¥–∞—é —à–∏—Ä–æ–∫–æ–π –∫–æ–º–ø–µ—Ç–µ–Ω—Ü–∏–µ–π –≤ –ø–µ—Ä–µ–≥–æ–≤–æ—Ä–∞—Ö —Å –ø–µ—Ä–≤—ã–º–∏ –ª–∏—Ü–∞–º–∏, –ª–æ–≥–∏–∫–æ–π –ø–æ—Å—Ç—Ä–æ–µ–Ω–∏—è –ë–ü, –∏ –¥–æ–≤–µ–¥–µ–Ω–∏—è –Ω–∞—á–∞—Ç—ã—Ö —Ü–µ–ª–µ–π –¥–æ –ª–æ–≥–∏—á–µ—Å–∫–æ–≥–æ –∑–∞–≤–µ—Ä—à–µ–Ω–∏—è. #—Ä–µ–∑—é–º–µ #—Ä–∞–±–æ—Ç–∞–º–µ—á—Ç—ã #–ø–æ–∏—Å–∫—Ä–∞–±–æ—Ç—ã #—Ä–µ–∑—é–º–µ–∫–∞–Ω–¥–∏–¥–∞—Ç–∞ #–°–ü–±",2,0,0
32,groshev-andrew,"–ò—â—É —á–µ–ª–æ–≤–µ–∫–∞ –Ω–∞ —É–Ω–∏–∫–∞–ª—å–Ω—É—é –ø–æ–∑–∏—Ü–∏—é - –Ω–∞–∑–æ–≤–µ–º –µ–µ, —Å–∫–∞–∂–µ–º, —Ç–∞–∫: –¢–µ—Ö–Ω–∏—á–µ—Å–∫–∏–π –µ–≤–∞–Ω–≥–µ–ª–∏—Å—Ç / –ê–Ω–∞–ª–∏—Ç–∏–∫ —Ä—ã–Ω–∫–∞ –ø–æ –ò–ë. –ü–æ–∑–∏—Ü–∏—è —É –≤–µ–Ω–¥–æ—Ä–∞. –í–∞–∂–µ–Ω —Ç–µ—Ö –±—ç–∫–≥—Ä–∞—É–Ω–¥ —Ö–æ—Ä–æ—à–∏–π –≤ –ò–ë, –ø–æ–Ω–∏–º–∞–Ω–∏–µ —Ç—Ä–µ–Ω–¥–æ–≤, —ç–Ω—Ç—É–∑–∏–∞–∑–º –≤ –ø–ª–∞–Ω–µ –∏–∑—É—á–µ–Ω–∏—è –Ω–æ–≤—ã—Ö —Ç–µ—Ö–Ω–æ–ª–æ–≥–∏–π, –∞–Ω–∞–ª–∏–∑–∞ –≤—Å—è–∫–∏—Ö –∏–Ω—Ç–µ—Ä–µ—Å–Ω—ã—Ö –∫–µ–π—Å–æ–≤, –≤–∏—Ä—É—Å–æ–≤ –∏ –∞—Ç–∞–∫, –∞ —Ç–∞–∫–∂–µ - –∫–ª—é—á–µ–≤–æ–µ - —Å–ø–æ—Å–æ–±–Ω–æ—Å—Ç—å –ø–µ—Ä–µ–≤–æ–¥–∏—Ç—å —Å —Ç–µ—Ö–Ω–∏—á–µ—Å–∫–æ–≥–æ –Ω–∞ —á–µ–ª–æ–≤–µ—á–µ—Å–∫–∏–π —è–∑—ã–∫ - —á—Ç–æ–±—ã c-level –∫–ª–∏–µ–Ω—Ç—ã –∏ –±–∏–∑–Ω–µ—Å –ø–æ–Ω–∏–º–∞–ª–∏, –ø–æ—á–µ–º—É –ò–ë - –≤–∞–∂–Ω–æ –∏ –Ω—É–∂–Ω–æ.¬† –ê–Ω–≥–ª–∏–π—Å–∫–∏–π - —Å–∞–º–æ —Å–æ–±–æ–π. –ö–æ–Ω—Ç–∞–∫—Ç—ã –¥–ª—è —Å–≤—è–∑–∏ –∏ —Ä–µ–∫–æ–º–µ–Ω–¥–∞—Ü–∏–π olgat@marksmans.ru",0,0,0
33,groshev-andrew,"–î—Ä—É–∑—å—è! –°–µ–π—á–∞—Å –≤ —Ä–∞–±–æ—Ç–µ: - –ì–µ–Ω–µ—Ä–∞–ª—å–Ω—ã–π/–ö–æ–º–º–µ—Ä—á–µ—Å–∫–∏–π –¥–∏—Ä–µ–∫—Ç–æ—Ä –Ω–∞ —Ä–∞–∑–≤–∏—Ç–∏–µ –Ω–æ–≤–æ–≥–æ –Ω–∞–ø—Ä–∞–≤–ª–µ–Ω–∏—è –≤ –∫—Ä—É–ø–Ω–æ–π –∫–æ–º–ø–∞–Ω–∏–∏ - —Ä—É–∫–æ–≤–æ–¥—Å—Ç–≤–æ —Ä–∞–∑—Ä–∞–±–æ—Ç–∫–æ–π –∏ –ø—Ä–æ–¥–∞–∂–∞–º–∏ —Å–∏—Å—Ç–µ–º –≤–∏–¥–µ–æ–Ω–∞–±–ª—é–¥–µ–Ω–∏—è –∏ –∞–Ω–∞–ª–∏—Ç–∏–∫–∏.- –°–¢–û –≤ –∫—Ä—É–ø–Ω—ã–π —Ö–æ–ª–¥–∏–Ω–≥ (–û–ø—ã—Ç —Ä–∞–±–æ—Ç—ã –≤ —Ç—Ä–∞–Ω–∑–∞–∫—Ü–∏–æ–Ω–Ω–æ–º –±–∏–∑–Ω–µ—Å–µ)- –ö–æ–Ω—Å—É–ª—å—Ç–∞–Ω—Ç—ã/–°—Ç–∞—Ä—à–∏–µ –ö–æ–Ω—Å—É–ª—å—Ç–∞–Ω—Ç—ã/–ú–µ–Ω–µ–¥–∂–µ—Ä—ã –ø–æ SAP SD,MM,CRM,FI,FI-GL,FI-SL - –î–∏—Ä–µ–∫—Ç–æ—Ä –ø–æ –ø—Ä–æ–¥–∞–∂–∞–º –≤ –ì–æ—Å—Å–µ–∫—Ç–æ—Ä –≤ –∫—Ä—É–ø–Ω—ã–π –≤–µ–Ω–¥–æ—Ä- –î–∏—Ä–µ–∫—Ç–æ—Ä –ø–æ –ø—Ä–æ–¥–∞–∂–∞–º –∏–Ω–∂–µ–Ω–µ—Ä–Ω—ã—Ö —Ä–µ—à–µ–Ω–∏–π –≤ –∫—Ä—É–ø–Ω—ã–π —Ä–æ—Å—Å–∏–π—Å–∫–∏–π —Å–∏—Å—Ç–µ–º–Ω—ã–π –∏–Ω—Ç–µ–≥—Ä–∞—Ç–æ—Ä- Junior Associate –≤ PE —Ñ–æ–Ω–¥  - IT Director –≤ –∫—Ä—É–ø–Ω—É—é —Ä–æ–∑–Ω–∏—á–Ω—É—é —Å–µ—Ç—å- –î–∏—Ä–µ–∫—Ç–æ—Ä –ø–æ –ø—Ä–æ–¥–∞–∂–∞–º (–ö–∞–∑–∞—Ö—Å—Ç–∞–Ω) –æ—Ç –∫—Ä—É–ø–Ω–æ–≥–æ –≤–µ–Ω–¥–æ—Ä–∞- –î–∏—Ä–µ–∫—Ç–æ—Ä –ø–æ –ø—Ä–æ–¥–∞–∂–∞–º (–ì—Ä—É–∑–∏—è) –æ—Ç –∫—Ä—É–ø–Ω–æ–≥–æ –≤–µ–Ω–¥–æ—Ä–∞–ö—Ä–∞—Ç–∫–∏–µ —Ç—Ä–µ–±–æ–≤–∞–Ω–∏—è –∫ –ø–æ–∑–∏—Ü–∏—è–º –í—ã –Ω–∞–π–¥–µ—Ç–µ –Ω–∞ –º–æ–µ–π –ø—Ä–æ—Ñ–∏–ª–µ. –ï—Å–ª–∏ –í—ã –ø—Ä–µ—Ç–µ–Ω–¥—É–µ—Ç–µ –Ω–∞ –æ–¥–Ω—É –∏–∑ –≤—ã—à–µ–ø–µ—Ä–µ—á–∏—Å–ª–µ–Ω–Ω—ã—Ö —Ä–æ–ª–µ–π, –≤—ã—Å—ã–ª–∞–π—Ç–µ –º–Ω–µ —Ä–µ–∑—é–º–µ –Ω–∞ makeeva@support-partners.ru - –µ—Å–ª–∏ –æ–Ω–æ —Å–æ–æ—Ç–≤–µ—Ç—Å—Ç–≤—É–µ—Ç —Ç—Ä–µ–±–æ–≤–∞–Ω–∏—è–º –∫ –ø–æ–∑–∏—Ü–∏–∏ - —Å—Ä–∞–∑—É –∂–µ —Å–≤—è–∂—É—Å—å —Å –í–∞–º–∏ (–µ—Å–ª–∏ –Ω–µ—Ç - —Å–æ—Ö—Ä–∞–Ω—é –µ–≥–æ —É —Å–µ–±—è, –ø—Ä–∏ –ø–æ—è–≤–ª–µ–Ω–∏–∏ –∏–Ω—Ç–µ—Ä–µ—Å–Ω—ã—Ö –≤–æ–∑–º–æ–∂–Ω–æ—Å—Ç–µ–π - –Ω–µ–∑–∞–º–µ–¥–ª–∏—Ç–µ–ª—å–Ω–æ –æ–ø–æ–≤–µ—â—É –í–∞—Å –æ –Ω–∏—Ö).–¢–∞–∫–∂–µ - —Ä–∞–¥–∞ –í–∞—à–∏–º —Ä–µ–∫–æ–º–µ–Ω–¥–∞—Ü–∏—è–º –∏ —Ä–µ–ø–æ—Å—Ç–∞–º!–û—Ç–ª–∏—á–Ω–æ–≥–æ –í–∞–º –Ω–∞—Å—Ç—Ä–æ–µ–Ω–∏—è!",0,0,0
34,spasatos,"–°–º–æ—Ç—Ä–∏—Ç–µ, –∫–∞–∫–∞—è –∫—Ä–∞—Å–æ—Ç–∞!–≠—Ç–æ —Å—Ç—É–¥–µ–Ω—Ç—ã (–∏ —è) —Å–¥–µ–ª–∞–ª–∏ –ø–æ–¥–±–æ—Ä–∫—É –∫–ª–∞—Å—Å–Ω—ã—Ö –∫–Ω–∏–∂–µ–∫, –µ—Å–ª–∏ –≤–∞–º –≤–¥—Ä—É–≥ –Ω–µ—á–µ–≥–æ –ø–æ—á–∏—Ç–∞—Ç—å –∏ –Ω–µ –∏–Ω—Ç–µ—Ä–µ—Å–Ω—ã —Å–∫—É—á–Ω—ã–µ —É—á–µ–±–Ω–∏–∫–∏ –ø–æ –º–∞—Ä–∫–µ—Ç–∏–Ω–≥—É:",0,0,0
35,spasatos,"–†–∞—Å—Å–∫–∞–∑–∞–ª –∏–∑–¥–∞–Ω–∏—é ForPost, –ø–æ—á–µ–º—É –æ–ø–µ—Ä–∞—Ç–æ—Ä—ã —Å–≤—è–∑–∏ –ø–æ–≤—ã—à–∞—é—Ç —Ü–µ–Ω—ã –Ω–∞ –∏–Ω—Ç–µ—Ä–Ω–µ—Ç –∏ –∫—Ç–æ –∏–º –º–æ–∂–µ—Ç –ø–æ–º–µ—à–∞—Ç—å.https://lnkd.in/dEs9Efb6",0,0,0
36,spasatos,"I teach ""Data Visualization"" at the Higher School of Economics. Therefore, it is doubly pleasant that PressFeed is interested in my opinion about visualization tools#HSE #datavisualization #visualization #tools",0,0,0
37,spasatos,Why do we need competitor analysis? How to analyze competitors' prices in order to be higher in search and product results? Which services are better to use in order to spend less money on advertising and offer customers more favorable prices?The answers to these questions are in the Advantshop article. #advertising #money #analysis #prices #customers,0,0,0
38,spasatos,How to write the perfect SEO text? Which words to choose and how to avoid over-optimization? What is the significance of new algorithms and how neural networks read texts on the site? Find out the answers to these questions in the Texterra material#SEO #algorithms #neuralnetworks,2,2,0
39,spasatos,Events organization for IT specialists is very different from any other event management. It's important not to scare away IT specialists with obsession and give them the opportunity to do what they like. A successful event for IT directors? MOBA tournament with drinks and snacks! Secrets of organizing events in my interview with Event Live.#events #eventmanagement #it,2,0,0
40,spasatos,Remote work doesn't surprise anyone. There are more chances to find a remote dream job than to consider only your city for work. But how do you know that it's time to promote an employee if you've never met him in person? Features of career growth on the remote in my interview with E-xecutive#job #growth #career #remotework,3,1,0
41,spasatos,Hard times create difficulties not only for business but also for consumers of services. Telling how to properly support customers in order to increase loyalty and maintain the subscriber basehttps://lnkd.in/dr7apeGN#business #marketing #customers #service #loyalty,0,0,0
42,spasatos,Telling about targeted advertising on TV. How the system of personal advertisements in broadcast and IPTV will work.https://lnkd.in/d_yv2A-a#advertising #broadcast #marketing #innovations,1,0,0
43,spasatos,"Marketing with a human face. How charity promotes the brand?Using the example of Russian brands, I tell you how to engage in charity in an unobtrusive way. How can business help those who are having a hard time right now?https://lnkd.in/dma7tkEX#marketing #brand #charity",2,0,0
44,spasatos,"Do you use stickers in chats with colleagues? Did you know that you can earn money thanks to stickers?For example, if you respond to a customer with a sticker branded by your company, you will show yourself as a modern and developed brand - and increase the conversion to sale. And if the stickers turn to be viral or meme, customers will use them and thus promote your company for free.Read more in my article https://lnkd.in/eppyKvtk#brand #money #stickers #telegram",2,0,0
45,spasatos,"Took part in the International Forum ""IT ‚Äî Dialogue"" and spoke at the session ""Development of the Russian communications market. Ensuring the sustainability of the telecom industry"".The issues of standardization of the IT development market and production of telecommunication equipment are now very important in the development strategy of Russian business.Who should define the standards? What will happen to the market players creating advanced solutions at the time of the introduction of new regulations? How to build relationships between equipment manufacturers and telecom operators and avoid problems in the future?The most important issues of the development of the Russian telecommunications market were discussed with delegates of the largest telecom operators and equipment manufacturers.#telecom #strategy #business #telecommunications #future #sustainability #development",0,0,0
46,spasatos,–Ø —Ç–æ–ª—å–∫–æ —á—Ç–æ –ø–æ–ª—É—á–∏–ª(–∞) –∑–Ω–∞—á–æ–∫ –∑–∞ –Ω–∞–≤—ã–∫ ¬´–û–ø—Ç–∏–º–∏–∑–∞—Ü–∏—è –¥–ª—è –ø–æ–∏—Å–∫–æ–≤—ã—Ö —Å–∏—Å—Ç–µ–º (SEO)¬ª. –ö—Ç–æ —Ö–æ—á–µ—Ç –±—ã—Ç—å —Å–ª–µ–¥—É—é—â–∏–º? –ü—Ä–æ–π–¥–∏—Ç–µ —Ç–µ—Å—Ç –Ω–∞ –ø—Ä–æ–≤–µ—Ä–∫—É –Ω–∞–≤—ã–∫–æ–≤ #LinkedInSkillAssessment.,0,0,0
47,%D0%B0%D1%80%D1%82%D1%91%D0%BC-%D1%81%D0%B5%D1%80%D0%B3%D0%B8%D0%B5%D0%BD%D0%BA%D0%BE-526433232,https://vc.ru/537797–ù–∞–∫–æ–Ω–µ—Ü-—Ç–æ –¥–æ–ø–∏—Å–∞–ª —ç—Ç—É —Å—Ç–∞—Ç—å—é.,0,0,0
48,%D0%B0%D1%80%D1%82%D1%91%D0%BC-%D1%81%D0%B5%D1%80%D0%B3%D0%B8%D0%B5%D0%BD%D0%BA%D0%BE-526433232,–ö–∞–∫ –ø–æ–ª—É—á–∏—Ç—å –ø–µ—Ä–≤—ã–π –æ–ø—ã—Ç –≤ –ø—Ä–æ–µ–∫—Ç–Ω–æ–π –¥–µ—è—Ç–µ–ª—å–Ω–æ—Å—Ç–∏?–ö–∞–∫ –ø—Ä–µ–¥—Å—Ç–∞–≤–ª—è—Ç—å —Å–≤–æ–∏ —Ä–∞–±–æ—Ç—ã –∏–Ω–≤–µ—Å—Ç–æ—Ä–∞–º –∏ —Ä–∞–±–æ—Ç–æ–¥–∞—Ç–µ–ª—è–º?–ú–æ—è –ø–µ—Ä–≤–∞—è –ø–æ–ø—ã—Ç–∫–∞ –≤—ã—Å—Ç—É–ø–ª–µ–Ω–∏—è –≤ —Ñ–æ—Ä–º–∞—Ç–µ TED!–°–º–æ—Ç—Ä–∏—Ç–µ —Å 53:50,0,0,0
49,%D0%B0%D1%80%D1%82%D1%91%D0%BC-%D1%81%D0%B5%D1%80%D0%B3%D0%B8%D0%B5%D0%BD%D0%BA%D0%BE-526433232,–ß–µ–≥–æ –Ω–µ —Ö–≤–∞—Ç–∞–µ—Ç –±–∏–∑–Ω–µ—Å—É –æ—Ç –º–∏—Ä–∞ –≤–∏–¥–µ–æ–∏–≥—Ä? –ò–Ω—Ç–µ—Ä–∞–∫—Ç–∏–≤–∞!,0,0,0
50,%D0%B0%D1%80%D1%82%D1%91%D0%BC-%D1%81%D0%B5%D1%80%D0%B3%D0%B8%D0%B5%D0%BD%D0%BA%D0%BE-526433232,–ü–æ–¥—Ä–æ–±–Ω–æ–µ –æ–±—Å—É–∂–¥–µ–Ω–∏–µ –º–µ—Ç–æ–¥–æ–≤ –ø—Ä–∏–Ω—è—Ç–∏—è –æ–ø—Ç–∏–º–∞–ª—å–Ω—ã—Ö —Ä–µ—à–µ–Ω–∏–π,0,0,0
51,%D0%B0%D1%80%D1%82%D1%91%D0%BC-%D1%81%D0%B5%D1%80%D0%B3%D0%B8%D0%B5%D0%BD%D0%BA%D0%BE-526433232,–ú–æ–µ –ø–µ—Ä–≤–æ–µ –∏–Ω—Ç–µ—Ä–≤—å—é! –ö–∞–∫ —É –º–µ–Ω—è –ø–æ–ª—É—á–∏–ª–æ—Å—å —Å–æ–∑–¥–∞—Ç—å —Å–∏—Å—Ç–µ–º—É –ø–æ–¥–¥–µ—Ä–∂–∫–∏ –ø—Ä–∏–Ω—è—Ç–∏—è —Ä–µ—à–µ–Ω–∏—è –¥–ª—è –º–∞–ª–æ–≥–æ –±–∏–∑–Ω–µ—Å–∞? –°–æ–≤–µ—Ç—Å–∫–∏–µ –º–∞—Ç–µ–º–∞—Ç–∏—á–µ—Å–∫–∏–µ —Ä–∞–∑—Ä–∞–±–æ—Ç–∫–∏ –≤ –¥–µ–π—Å—Ç–≤–∏–∏!,0,0,0
